inscription_id,eleve_id,classe_id,annee_id,date_inscription,statut
1,1,8,2022,2022-11-28,confirmé
2,2,4,2020,2021-03-02,confirmé
3,3,5,2022,2023-08-01,confirmé
4,4,5,2021,2021-10-02,confirmé
5,5,8,2024,2022-10-19,confirmé
6,6,5,2024,2023-02-24,confirmé
7,7,1,2021,2024-05-19,confirmé
8,8,6,2022,2021-01-05,confirmé
9,9,4,2023,2020-09-01,confirmé
10,10,3,2024,2023-12-06,confirmé
11,11,5,2024,2020-09-19,confirmé
12,12,6,2021,2024-05-18,confirmé
13,13,5,2021,2022-04-07,confirmé
14,14,7,2021,2021-11-30,confirmé
15,15,4,2020,2023-04-15,confirmé
16,16,7,2024,2023-10-08,confirmé
17,17,7,2020,2024-03-15,confirmé
18,18,5,2021,2021-11-19,confirmé
19,19,5,2022,2024-02-16,confirmé
20,20,1,2020,2024-04-17,confirmé
21,21,1,2024,2022-04-25,confirmé
22,22,6,2024,2020-12-12,confirmé
23,23,7,2024,2023-05-16,confirmé
24,24,5,2022,2024-02-26,confirmé
25,25,8,2024,2024-09-16,annulé
26,26,6,2024,2022-02-02,confirmé
27,27,2,2020,2023-11-21,confirmé
28,28,2,2024,2023-01-07,confirmé
29,29,8,2022,2021-02-21,confirmé
30,30,1,2023,2024-05-29,annulé
31,31,7,2024,2023-06-02,confirmé
32,32,7,2022,2021-11-05,annulé
33,33,3,2023,2022-08-28,confirmé
34,34,4,2022,2022-12-29,confirmé
35,35,8,2021,2024-05-10,confirmé
36,36,5,2024,2023-05-18,confirmé
37,37,2,2022,2022-06-01,confirmé
38,38,5,2023,2021-10-25,confirmé
39,39,8,2024,2022-04-17,confirmé
40,40,8,2023,2021-12-29,confirmé
41,41,8,2023,2021-10-17,confirmé
42,42,2,2024,2023-03-25,confirmé
43,43,2,2024,2023-09-13,confirmé
44,44,7,2022,2023-10-12,annulé
45,45,2,2024,2021-07-29,confirmé
46,46,3,2023,2024-07-03,confirmé
47,47,1,2024,2022-06-17,confirmé
48,48,6,2021,2020-10-11,confirmé
49,49,5,2024,2023-04-17,confirmé
50,50,2,2023,2020-12-14,confirmé
51,51,7,2024,2021-03-21,confirmé
52,52,5,2021,2021-11-24,confirmé
53,53,5,2023,2024-03-13,annulé
54,54,2,2021,2023-02-27,confirmé
55,55,8,2021,2021-03-29,confirmé
56,56,4,2021,2022-03-17,confirmé
57,57,7,2022,2023-10-17,confirmé
58,58,3,2022,2022-08-14,annulé
59,59,7,2023,2024-07-02,confirmé
60,60,3,2020,2022-10-11,confirmé
61,61,6,2022,2023-09-13,confirmé
62,62,5,2022,2021-11-28,annulé
63,63,1,2022,2022-06-29,confirmé
64,64,2,2020,2022-05-22,confirmé
65,65,1,2020,2021-09-22,confirmé
66,66,5,2022,2024-06-05,confirmé
67,67,8,2023,2021-06-23,annulé
68,68,4,2020,2021-05-16,confirmé
69,69,2,2020,2023-09-10,confirmé
70,70,6,2020,2021-05-26,confirmé
71,71,1,2020,2021-10-24,confirmé
72,72,8,2023,2021-04-23,confirmé
73,73,3,2022,2024-04-27,confirmé
74,74,6,2024,2023-05-14,annulé
75,75,8,2020,2024-06-12,confirmé
76,76,4,2021,2024-01-20,confirmé
77,77,6,2021,2022-03-28,confirmé
78,78,3,2020,2020-10-19,confirmé
79,79,3,2024,2023-10-26,confirmé
80,80,4,2020,2021-04-11,confirmé
81,81,4,2021,2023-03-10,confirmé
82,82,7,2023,2024-03-26,confirmé
83,83,3,2021,2024-08-02,confirmé
84,84,4,2023,2024-04-10,confirmé
85,85,1,2022,2021-06-04,confirmé
86,86,8,2020,2024-09-01,confirmé
87,87,2,2024,2023-10-06,confirmé
88,88,6,2023,2021-10-25,confirmé
89,89,5,2023,2022-05-04,confirmé
90,90,7,2021,2024-08-23,confirmé
91,91,5,2023,2021-09-10,confirmé
92,92,7,2022,2020-11-12,confirmé
93,93,3,2023,2023-07-21,confirmé
94,94,8,2024,2023-12-26,confirmé
95,95,5,2023,2024-06-19,confirmé
96,96,2,2023,2024-09-14,confirmé
97,97,5,2021,2021-03-14,confirmé
98,98,3,2024,2023-11-24,confirmé
99,99,3,2024,2023-12-10,confirmé
100,100,4,2024,2022-12-26,confirmé
101,101,7,2023,2023-08-01,confirmé
102,102,3,2022,2023-08-23,confirmé
103,103,7,2023,2020-09-23,confirmé
104,104,1,2023,2021-08-26,confirmé
105,105,2,2021,2023-09-04,confirmé
106,106,5,2022,2022-03-14,confirmé
107,107,5,2023,2022-07-04,annulé
108,108,2,2024,2023-10-17,confirmé
109,109,3,2023,2024-07-05,confirmé
110,110,1,2022,2022-07-11,confirmé
111,111,7,2022,2024-04-06,confirmé
112,112,3,2021,2021-11-14,confirmé
113,113,2,2021,2023-03-22,confirmé
114,114,8,2020,2020-09-07,confirmé
115,115,7,2024,2024-01-03,confirmé
116,116,3,2020,2021-10-26,confirmé
117,117,7,2023,2022-12-12,confirmé
118,118,4,2021,2023-12-31,confirmé
119,119,3,2020,2022-03-13,annulé
120,120,7,2020,2023-11-16,confirmé
121,121,7,2021,2024-01-09,confirmé
122,122,4,2023,2024-09-07,confirmé
123,123,8,2022,2023-03-03,confirmé
124,124,5,2022,2024-08-13,confirmé
125,125,2,2022,2024-08-21,confirmé
126,126,1,2021,2023-06-04,confirmé
127,127,6,2023,2021-01-04,confirmé
128,128,1,2023,2021-09-30,confirmé
129,129,4,2021,2022-11-26,annulé
130,130,5,2020,2023-01-29,confirmé
131,131,7,2021,2022-03-30,confirmé
132,132,6,2024,2021-07-22,confirmé
133,133,3,2021,2024-07-17,confirmé
134,134,8,2021,2023-03-19,confirmé
135,135,4,2021,2024-09-03,confirmé
136,136,2,2023,2024-01-11,confirmé
137,137,2,2020,2022-12-12,confirmé
138,138,2,2023,2023-07-22,confirmé
139,139,4,2023,2024-07-13,confirmé
140,140,2,2022,2024-08-28,confirmé
141,141,5,2021,2022-12-16,confirmé
142,142,4,2024,2023-03-15,confirmé
143,143,2,2024,2024-07-01,confirmé
144,144,2,2024,2024-05-30,confirmé
145,145,8,2021,2021-11-17,confirmé
146,146,5,2023,2020-11-14,confirmé
147,147,4,2024,2022-03-11,confirmé
148,148,5,2020,2023-11-23,confirmé
149,149,6,2021,2024-08-24,confirmé
150,150,3,2024,2021-08-29,confirmé
151,151,4,2024,2021-11-22,confirmé
152,152,6,2022,2024-02-10,confirmé
153,153,8,2023,2021-05-20,annulé
154,154,7,2024,2021-01-03,confirmé
155,155,1,2023,2023-02-28,confirmé
156,156,2,2023,2021-05-03,confirmé
157,157,4,2022,2022-02-24,confirmé
158,158,6,2022,2021-12-29,confirmé
159,159,5,2020,2020-12-31,confirmé
160,160,4,2020,2021-01-03,confirmé
161,161,3,2024,2021-02-17,confirmé
162,162,1,2024,2021-01-02,confirmé
163,163,7,2020,2023-07-26,confirmé
164,164,5,2024,2023-09-16,confirmé
165,165,8,2020,2022-06-08,confirmé
166,166,4,2023,2022-10-26,confirmé
167,167,7,2022,2021-03-20,annulé
168,168,5,2022,2021-09-04,confirmé
169,169,4,2022,2022-11-06,confirmé
170,170,7,2020,2020-11-16,confirmé
171,171,1,2020,2020-10-29,confirmé
172,172,6,2023,2021-11-05,confirmé
173,173,1,2022,2022-05-31,confirmé
174,174,5,2022,2020-12-18,confirmé
175,175,4,2023,2023-06-05,confirmé
176,176,7,2020,2024-03-25,confirmé
177,177,6,2022,2020-11-07,confirmé
178,178,5,2022,2023-08-29,confirmé
179,179,6,2020,2023-12-03,confirmé
180,180,5,2024,2021-07-02,confirmé
181,181,8,2022,2022-07-06,confirmé
182,182,2,2021,2021-08-31,confirmé
183,183,7,2021,2022-11-30,confirmé
184,184,1,2023,2024-07-04,confirmé
185,185,8,2022,2021-08-09,confirmé
186,186,7,2023,2023-04-05,confirmé
187,187,2,2022,2023-02-16,confirmé
188,188,6,2022,2024-06-09,confirmé
189,189,8,2022,2024-08-10,confirmé
190,190,6,2023,2023-10-08,confirmé
191,191,1,2023,2022-10-02,annulé
192,192,4,2022,2021-08-07,confirmé
193,193,7,2022,2023-03-31,confirmé
194,194,4,2020,2021-09-18,confirmé
195,195,3,2023,2023-06-01,annulé
196,196,6,2024,2021-06-27,confirmé
197,197,5,2020,2021-01-17,confirmé
198,198,4,2020,2021-08-25,confirmé
199,199,8,2022,2022-12-15,confirmé
200,200,3,2021,2024-07-10,confirmé
201,201,7,2020,2024-03-27,confirmé
202,202,4,2021,2021-12-27,confirmé
203,203,2,2020,2023-02-26,confirmé
204,204,3,2024,2023-10-10,confirmé
205,205,6,2022,2023-01-14,confirmé
206,206,8,2022,2021-01-17,confirmé
207,207,5,2023,2023-05-24,confirmé
208,208,3,2020,2021-11-09,confirmé
209,209,7,2022,2022-01-22,confirmé
210,210,2,2023,2021-05-31,confirmé
211,211,2,2020,2023-09-28,confirmé
212,212,2,2020,2020-12-13,confirmé
213,213,2,2021,2024-01-21,confirmé
214,214,2,2024,2022-10-02,confirmé
215,215,1,2023,2022-10-27,confirmé
216,216,4,2024,2021-02-12,confirmé
217,217,4,2020,2023-05-27,confirmé
218,218,4,2021,2022-02-02,confirmé
219,219,1,2021,2024-03-31,confirmé
220,220,8,2024,2022-01-30,confirmé
221,221,4,2021,2022-06-19,confirmé
222,222,8,2022,2022-05-06,annulé
223,223,4,2021,2021-02-11,confirmé
224,224,7,2022,2020-11-03,confirmé
225,225,5,2023,2023-09-20,confirmé
226,226,8,2021,2023-10-16,confirmé
227,227,6,2023,2021-05-25,confirmé
228,228,2,2022,2023-11-08,confirmé
229,229,2,2023,2021-05-04,confirmé
230,230,1,2024,2021-09-30,confirmé
231,231,7,2021,2021-12-20,confirmé
232,232,8,2023,2023-05-05,confirmé
233,233,5,2022,2023-12-22,confirmé
234,234,6,2024,2023-07-11,confirmé
235,235,2,2020,2022-03-12,confirmé
236,236,7,2022,2023-06-15,annulé
237,237,4,2024,2023-01-31,confirmé
238,238,3,2020,2021-01-25,confirmé
239,239,4,2021,2022-06-28,confirmé
240,240,6,2023,2024-04-20,confirmé
241,241,2,2022,2022-05-13,confirmé
242,242,2,2024,2022-11-29,confirmé
243,243,7,2022,2023-01-12,confirmé
244,244,3,2023,2022-04-05,confirmé
245,245,2,2020,2023-06-20,confirmé
246,246,4,2021,2022-07-27,annulé
247,247,1,2021,2024-02-04,confirmé
248,248,7,2024,2023-10-01,confirmé
249,249,8,2023,2024-08-11,confirmé
250,250,1,2020,2024-01-23,confirmé
251,251,7,2024,2021-10-12,confirmé
252,252,8,2024,2021-10-04,confirmé
253,253,7,2022,2022-08-16,confirmé
254,254,3,2024,2022-08-05,confirmé
255,255,2,2022,2022-10-01,confirmé
256,256,6,2022,2022-01-12,confirmé
257,257,5,2024,2024-09-28,confirmé
258,258,4,2021,2023-05-02,confirmé
259,259,5,2022,2020-11-21,confirmé
260,260,3,2024,2022-04-27,confirmé
261,261,6,2023,2022-10-12,annulé
262,262,7,2020,2023-02-20,confirmé
263,263,1,2021,2021-08-31,annulé
264,264,5,2020,2021-02-10,confirmé
265,265,3,2021,2023-08-08,confirmé
266,266,1,2020,2022-01-24,annulé
267,267,1,2020,2024-05-15,confirmé
268,268,4,2020,2020-12-25,confirmé
269,269,6,2022,2023-03-30,confirmé
270,270,1,2022,2021-08-03,confirmé
271,271,3,2024,2023-01-29,confirmé
272,272,3,2021,2022-09-07,confirmé
273,273,4,2020,2022-12-19,confirmé
274,274,8,2022,2021-01-25,confirmé
275,275,4,2023,2024-05-09,confirmé
276,276,2,2020,2021-11-17,confirmé
277,277,8,2021,2022-12-16,confirmé
278,278,5,2024,2023-07-04,confirmé
279,279,6,2023,2023-04-01,confirmé
280,280,2,2021,2021-06-14,confirmé
281,281,2,2024,2022-08-21,confirmé
282,282,7,2023,2023-10-13,confirmé
283,283,7,2020,2021-12-24,confirmé
284,284,7,2022,2020-09-22,confirmé
285,285,4,2024,2024-06-04,confirmé
286,286,3,2020,2022-07-15,confirmé
287,287,2,2022,2023-02-23,confirmé
288,288,4,2023,2021-07-17,confirmé
289,289,3,2020,2021-01-04,confirmé
290,290,5,2023,2021-06-04,confirmé
291,291,2,2024,2024-01-11,confirmé
292,292,8,2022,2021-03-13,confirmé
293,293,6,2024,2022-07-28,confirmé
294,294,8,2023,2024-04-02,confirmé
295,295,6,2024,2020-10-27,confirmé
296,296,2,2024,2024-04-19,annulé
297,297,1,2020,2023-12-01,confirmé
298,298,8,2022,2020-09-19,confirmé
299,299,7,2022,2024-06-25,confirmé
300,300,3,2024,2021-05-22,confirmé
301,301,5,2020,2022-11-03,confirmé
302,302,5,2022,2020-12-22,confirmé
303,303,7,2022,2024-05-13,confirmé
304,304,7,2021,2022-02-24,confirmé
305,305,3,2023,2022-06-09,confirmé
306,306,5,2020,2022-04-02,confirmé
307,307,2,2024,2023-08-25,confirmé
308,308,5,2024,2024-04-08,confirmé
309,309,5,2023,2020-09-25,annulé
310,310,1,2023,2020-09-01,confirmé
311,311,1,2021,2023-02-28,confirmé
312,312,6,2020,2021-01-19,annulé
313,313,6,2024,2022-06-10,confirmé
314,314,6,2022,2021-03-07,confirmé
315,315,7,2022,2023-10-27,confirmé
316,316,8,2020,2021-03-20,confirmé
317,317,4,2020,2023-10-26,confirmé
318,318,3,2024,2021-05-15,confirmé
319,319,1,2023,2022-03-01,confirmé
320,320,6,2023,2021-03-13,confirmé
321,321,8,2020,2022-08-04,confirmé
322,322,7,2022,2023-10-03,confirmé
323,323,1,2022,2024-03-12,confirmé
324,324,1,2022,2022-11-11,confirmé
325,325,8,2023,2023-03-31,confirmé
326,326,1,2021,2024-07-09,confirmé
327,327,2,2024,2024-03-07,confirmé
328,328,8,2020,2021-10-19,confirmé
329,329,2,2021,2024-06-13,confirmé
330,330,2,2023,2023-09-04,confirmé
331,331,5,2023,2024-06-10,confirmé
332,332,7,2023,2023-02-27,confirmé
333,333,1,2024,2021-03-07,confirmé
334,334,8,2020,2024-04-06,confirmé
335,335,4,2020,2020-10-15,confirmé
336,336,4,2024,2020-11-22,confirmé
337,337,5,2021,2023-10-22,annulé
338,338,5,2021,2021-08-24,confirmé
339,339,8,2020,2023-08-26,confirmé
340,340,6,2020,2023-03-25,confirmé
341,341,5,2022,2021-09-10,confirmé
342,342,4,2024,2021-02-09,confirmé
343,343,5,2023,2024-07-05,confirmé
344,344,4,2020,2024-06-13,confirmé
345,345,7,2023,2023-12-26,confirmé
346,346,7,2024,2021-07-19,confirmé
347,347,3,2021,2021-11-24,confirmé
348,348,7,2020,2023-07-04,annulé
349,349,7,2023,2021-03-03,confirmé
350,350,1,2021,2020-12-20,confirmé
351,351,2,2023,2022-01-21,confirmé
352,352,2,2022,2024-04-06,confirmé
353,353,6,2022,2021-06-22,confirmé
354,354,3,2024,2024-09-14,confirmé
355,355,3,2023,2023-02-21,confirmé
356,356,4,2020,2024-01-22,confirmé
357,357,7,2023,2023-05-02,confirmé
358,358,3,2020,2022-05-25,annulé
359,359,1,2022,2023-07-18,confirmé
360,360,8,2022,2022-09-03,confirmé
361,361,3,2023,2024-02-07,confirmé
362,362,5,2024,2021-07-18,confirmé
363,363,2,2021,2023-03-02,confirmé
364,364,7,2021,2024-02-09,confirmé
365,365,7,2020,2021-11-11,confirmé
366,366,2,2022,2022-10-21,confirmé
367,367,4,2021,2024-07-28,confirmé
368,368,6,2024,2023-08-13,confirmé
369,369,6,2024,2024-04-29,confirmé
370,370,8,2022,2024-03-28,confirmé
371,371,7,2022,2022-08-27,confirmé
372,372,5,2020,2020-10-01,confirmé
373,373,3,2023,2021-08-03,confirmé
374,374,8,2024,2021-03-02,confirmé
375,375,3,2020,2023-07-14,confirmé
376,376,7,2023,2022-02-26,confirmé
377,377,2,2022,2024-09-09,confirmé
378,378,7,2021,2023-09-03,confirmé
379,379,3,2020,2023-07-01,confirmé
380,380,8,2022,2024-09-19,confirmé
381,381,4,2022,2022-06-22,annulé
382,382,4,2022,2021-02-07,confirmé
383,383,5,2024,2023-07-05,confirmé
384,384,4,2020,2023-12-16,confirmé
385,385,2,2021,2021-10-17,confirmé
386,386,7,2021,2023-06-09,confirmé
387,387,7,2022,2020-10-23,confirmé
388,388,6,2022,2021-10-13,annulé
389,389,2,2020,2022-12-26,confirmé
390,390,8,2024,2023-07-13,annulé
391,391,1,2023,2023-07-21,confirmé
392,392,6,2021,2022-08-04,confirmé
393,393,5,2020,2021-05-18,confirmé
394,394,7,2024,2024-01-12,confirmé
395,395,1,2024,2023-08-19,confirmé
396,396,6,2022,2022-10-16,confirmé
397,397,6,2024,2024-09-29,confirmé
398,398,4,2024,2023-07-03,confirmé
399,399,6,2024,2024-04-06,confirmé
400,400,2,2021,2022-12-29,confirmé
401,401,1,2022,2021-08-20,confirmé
402,402,4,2021,2023-09-04,confirmé
403,403,6,2021,2023-01-21,confirmé
404,404,5,2020,2024-09-04,confirmé
405,405,1,2022,2023-05-19,confirmé
406,406,5,2020,2024-02-17,confirmé
407,407,1,2021,2023-06-15,confirmé
408,408,7,2021,2023-11-22,confirmé
409,409,6,2022,2023-09-25,confirmé
410,410,7,2020,2021-06-21,confirmé
411,411,4,2023,2021-03-28,confirmé
412,412,3,2022,2024-05-29,confirmé
413,413,4,2020,2023-09-17,confirmé
414,414,4,2023,2022-11-27,annulé
415,415,7,2021,2021-09-25,confirmé
416,416,5,2020,2021-07-22,confirmé
417,417,1,2024,2023-03-29,confirmé
418,418,2,2024,2023-02-06,confirmé
419,419,7,2021,2023-11-25,confirmé
420,420,2,2021,2022-06-30,confirmé
421,421,7,2022,2022-05-26,confirmé
422,422,7,2021,2022-03-31,confirmé
423,423,1,2021,2021-01-15,confirmé
424,424,4,2020,2021-11-02,confirmé
425,425,5,2024,2024-09-15,confirmé
426,426,3,2020,2022-05-05,confirmé
427,427,3,2021,2023-02-28,confirmé
428,428,8,2023,2022-11-28,confirmé
429,429,6,2020,2021-01-19,confirmé
430,430,6,2022,2023-09-12,confirmé
431,431,3,2023,2021-02-24,confirmé
432,432,6,2024,2021-03-17,annulé
433,433,3,2024,2022-05-17,confirmé
434,434,1,2021,2022-07-23,annulé
435,435,7,2021,2024-08-15,annulé
436,436,7,2020,2021-10-06,confirmé
437,437,8,2022,2021-12-15,confirmé
438,438,4,2020,2021-04-06,confirmé
439,439,5,2021,2023-03-18,confirmé
440,440,5,2024,2022-05-25,confirmé
441,441,3,2020,2023-04-09,confirmé
442,442,5,2024,2023-02-23,confirmé
443,443,5,2022,2021-02-22,confirmé
444,444,8,2021,2020-09-23,confirmé
445,445,2,2023,2021-04-23,confirmé
446,446,1,2020,2023-07-04,confirmé
447,447,5,2023,2023-09-30,confirmé
448,448,6,2021,2023-03-18,annulé
449,449,2,2022,2022-02-05,confirmé
450,450,1,2024,2024-09-15,confirmé
451,451,4,2020,2021-11-05,confirmé
452,452,2,2024,2022-11-02,confirmé
453,453,6,2021,2022-02-15,confirmé
454,454,5,2021,2023-05-07,annulé
455,455,3,2023,2024-04-09,confirmé
456,456,5,2023,2022-11-19,confirmé
457,457,1,2022,2023-03-02,confirmé
458,458,7,2021,2023-09-30,confirmé
459,459,2,2024,2024-04-20,confirmé
460,460,7,2022,2023-01-19,confirmé
461,461,1,2020,2022-02-22,confirmé
462,462,2,2022,2023-06-21,confirmé
463,463,3,2021,2024-06-10,confirmé
464,464,5,2020,2024-04-19,confirmé
465,465,7,2021,2021-04-15,confirmé
466,466,5,2023,2024-02-12,confirmé
467,467,1,2020,2023-01-21,confirmé
468,468,3,2021,2023-02-09,confirmé
469,469,8,2020,2024-09-18,confirmé
470,470,4,2022,2023-07-04,confirmé
471,471,2,2022,2021-03-29,confirmé
472,472,2,2023,2022-09-11,confirmé
473,473,7,2020,2021-10-02,confirmé
474,474,1,2021,2023-09-29,confirmé
475,475,5,2020,2020-10-01,confirmé
476,476,6,2024,2023-02-15,confirmé
477,477,1,2020,2022-06-11,confirmé
478,478,2,2020,2021-07-26,confirmé
479,479,6,2023,2023-12-04,confirmé
480,480,1,2023,2024-09-22,confirmé
481,481,8,2021,2023-04-10,confirmé
482,482,3,2021,2023-09-29,confirmé
483,483,7,2021,2022-05-14,confirmé
484,484,5,2021,2023-12-11,confirmé
485,485,8,2021,2021-02-09,confirmé
486,486,2,2024,2022-10-16,confirmé
487,487,5,2020,2024-03-10,confirmé
488,488,3,2021,2021-06-01,confirmé
489,489,4,2022,2023-06-24,confirmé
490,490,7,2022,2023-07-19,confirmé
491,491,2,2022,2021-07-23,annulé
492,492,2,2020,2023-03-29,confirmé
493,493,1,2023,2023-11-17,confirmé
494,494,3,2024,2022-02-22,confirmé
495,495,3,2021,2022-01-01,confirmé
496,496,4,2020,2022-12-01,confirmé
497,497,3,2022,2024-09-01,confirmé
498,498,3,2021,2023-08-25,annulé
499,499,5,2023,2021-08-22,confirmé
500,500,8,2023,2024-02-28,confirmé
501,501,1,2020,2021-04-23,confirmé
502,502,8,2021,2021-04-15,confirmé
503,503,6,2023,2024-04-29,confirmé
504,504,6,2020,2020-10-19,confirmé
505,505,6,2021,2020-12-27,confirmé
506,506,1,2021,2020-10-24,confirmé
507,507,4,2022,2022-03-19,confirmé
508,508,3,2021,2023-08-04,confirmé
509,509,6,2023,2020-10-23,confirmé
510,510,4,2021,2022-03-12,confirmé
511,511,4,2021,2023-10-01,confirmé
512,512,8,2023,2023-01-16,confirmé
513,513,2,2021,2021-10-03,annulé
514,514,7,2024,2023-11-06,confirmé
515,515,2,2023,2022-07-07,confirmé
516,516,6,2022,2021-09-22,confirmé
517,517,8,2023,2020-12-20,confirmé
518,518,6,2023,2022-05-07,confirmé
519,519,4,2021,2020-09-17,confirmé
520,520,8,2024,2023-12-20,confirmé
521,521,4,2021,2023-02-01,confirmé
522,522,3,2024,2022-02-23,confirmé
523,523,6,2022,2021-02-18,confirmé
524,524,3,2024,2021-10-14,confirmé
525,525,5,2022,2022-09-10,confirmé
526,526,2,2022,2024-07-03,confirmé
527,527,5,2024,2023-12-26,confirmé
528,528,5,2022,2023-01-06,confirmé
529,529,5,2021,2021-04-18,confirmé
530,530,3,2020,2020-12-28,confirmé
531,531,8,2021,2023-11-24,confirmé
532,532,4,2021,2022-10-24,confirmé
533,533,1,2021,2021-12-09,confirmé
534,534,1,2020,2020-12-13,confirmé
535,535,1,2022,2022-07-30,confirmé
536,536,2,2023,2021-02-22,confirmé
537,537,5,2021,2022-09-15,confirmé
538,538,2,2023,2024-08-15,confirmé
539,539,4,2021,2023-11-02,confirmé
540,540,6,2021,2024-07-16,confirmé
541,541,3,2022,2022-06-27,confirmé
542,542,1,2023,2020-10-03,confirmé
543,543,3,2021,2020-10-25,confirmé
544,544,2,2023,2022-02-01,confirmé
545,545,5,2023,2022-09-26,confirmé
546,546,6,2024,2020-09-12,confirmé
547,547,5,2021,2022-08-21,confirmé
548,548,2,2023,2022-03-09,confirmé
549,549,8,2023,2021-09-08,confirmé
550,550,1,2020,2021-12-28,confirmé
551,551,4,2024,2023-05-01,confirmé
552,552,7,2021,2024-02-04,confirmé
553,553,3,2020,2022-05-16,confirmé
554,554,2,2022,2021-07-04,confirmé
555,555,8,2024,2021-12-01,confirmé
556,556,6,2020,2021-02-07,confirmé
557,557,3,2020,2021-07-28,confirmé
558,558,1,2023,2022-10-16,confirmé
559,559,8,2023,2021-04-13,confirmé
560,560,6,2021,2023-05-11,confirmé
561,561,8,2021,2022-08-30,annulé
562,562,3,2020,2024-09-19,confirmé
563,563,4,2020,2023-08-05,confirmé
564,564,7,2024,2024-01-21,confirmé
565,565,5,2020,2023-08-19,confirmé
566,566,5,2020,2022-06-06,confirmé
567,567,3,2022,2022-05-09,confirmé
568,568,6,2021,2021-03-14,confirmé
569,569,6,2024,2022-01-02,confirmé
570,570,7,2021,2021-02-04,confirmé
571,571,2,2022,2022-05-03,annulé
572,572,1,2023,2024-02-02,confirmé
573,573,4,2020,2021-10-17,confirmé
574,574,5,2021,2024-01-12,confirmé
575,575,7,2021,2023-09-08,confirmé
576,576,4,2020,2023-10-23,annulé
577,577,1,2024,2021-12-15,confirmé
578,578,8,2020,2024-01-25,confirmé
579,579,3,2024,2022-01-29,confirmé
580,580,8,2021,2023-10-03,confirmé
581,581,7,2021,2021-09-28,confirmé
582,582,4,2022,2022-05-24,annulé
583,583,5,2024,2022-05-01,confirmé
584,584,7,2021,2023-05-08,confirmé
585,585,2,2021,2021-11-08,confirmé
586,586,1,2023,2024-05-17,confirmé
587,587,5,2024,2023-11-11,confirmé
588,588,4,2021,2022-02-22,confirmé
589,589,6,2024,2021-06-05,confirmé
590,590,8,2021,2021-04-21,annulé
591,591,8,2023,2023-09-19,confirmé
592,592,5,2023,2024-01-06,confirmé
593,593,3,2023,2021-08-28,confirmé
594,594,5,2024,2024-09-04,annulé
595,595,8,2024,2020-09-26,confirmé
596,596,3,2020,2023-07-16,confirmé
597,597,7,2024,2024-07-19,annulé
598,598,7,2024,2022-01-20,confirmé
599,599,2,2024,2024-04-17,confirmé
600,600,2,2023,2024-05-25,confirmé
601,601,4,2020,2021-05-25,confirmé
602,602,6,2024,2021-12-05,confirmé
603,603,8,2023,2021-11-30,confirmé
604,604,6,2021,2024-06-15,confirmé
605,605,5,2021,2023-08-28,confirmé
606,606,2,2022,2023-06-04,confirmé
607,607,1,2024,2023-01-11,confirmé
608,608,8,2020,2024-08-06,annulé
609,609,2,2022,2022-01-04,confirmé
610,610,5,2024,2023-08-09,confirmé
611,611,2,2022,2022-03-18,confirmé
612,612,7,2023,2023-10-01,confirmé
613,613,1,2023,2021-04-04,confirmé
614,614,4,2021,2024-09-01,confirmé
615,615,5,2020,2022-03-13,confirmé
616,616,3,2022,2021-02-06,confirmé
617,617,7,2020,2022-01-02,confirmé
618,618,5,2023,2022-07-18,confirmé
619,619,2,2024,2024-02-18,confirmé
620,620,8,2021,2022-11-03,confirmé
621,621,2,2024,2020-09-05,confirmé
622,622,1,2021,2021-08-27,confirmé
623,623,8,2022,2021-12-03,confirmé
624,624,6,2021,2021-05-06,confirmé
625,625,6,2020,2023-04-04,confirmé
626,626,1,2023,2021-10-27,confirmé
627,627,7,2023,2020-09-15,confirmé
628,628,8,2020,2022-09-06,confirmé
629,629,3,2022,2023-10-21,confirmé
630,630,4,2020,2021-06-04,confirmé
631,631,7,2020,2021-11-27,confirmé
632,632,4,2022,2024-07-15,annulé
633,633,6,2023,2024-04-10,annulé
634,634,6,2020,2022-04-21,confirmé
635,635,7,2021,2021-11-20,confirmé
636,636,7,2023,2021-03-29,confirmé
637,637,7,2023,2022-08-15,confirmé
638,638,7,2021,2021-06-29,confirmé
639,639,7,2023,2024-01-30,confirmé
640,640,5,2024,2020-09-03,confirmé
641,641,5,2021,2023-05-18,confirmé
642,642,2,2024,2023-09-22,confirmé
643,643,4,2023,2022-02-02,confirmé
644,644,5,2022,2024-08-22,confirmé
645,645,4,2020,2022-01-06,confirmé
646,646,2,2022,2024-02-11,confirmé
647,647,8,2021,2022-05-13,confirmé
648,648,7,2024,2023-11-29,confirmé
649,649,2,2021,2021-07-28,confirmé
650,650,8,2023,2021-07-30,confirmé
651,651,4,2020,2020-10-20,annulé
652,652,6,2024,2023-01-11,confirmé
653,653,1,2020,2021-05-30,confirmé
654,654,6,2020,2022-04-03,confirmé
655,655,8,2024,2024-02-28,confirmé
656,656,4,2022,2022-03-14,confirmé
657,657,6,2024,2022-07-28,confirmé
658,658,3,2024,2023-09-19,confirmé
659,659,4,2021,2021-11-20,confirmé
660,660,1,2020,2023-06-14,confirmé
661,661,5,2022,2024-05-18,annulé
662,662,4,2023,2023-11-07,confirmé
663,663,4,2020,2021-08-23,confirmé
664,664,2,2024,2021-06-01,confirmé
665,665,5,2020,2023-07-10,confirmé
666,666,1,2020,2021-07-08,confirmé
667,667,5,2021,2023-01-18,confirmé
668,668,1,2022,2023-02-03,confirmé
669,669,7,2024,2021-02-01,confirmé
670,670,5,2023,2024-07-15,confirmé
671,671,5,2022,2024-03-07,confirmé
672,672,1,2020,2022-05-13,confirmé
673,673,3,2022,2023-01-31,confirmé
674,674,2,2021,2022-11-06,annulé
675,675,1,2020,2021-01-03,confirmé
676,676,7,2021,2024-06-09,confirmé
677,677,1,2022,2024-03-20,confirmé
678,678,5,2021,2022-05-12,annulé
679,679,7,2020,2021-05-03,confirmé
680,680,4,2024,2022-12-27,annulé
681,681,6,2024,2021-11-24,confirmé
682,682,1,2024,2023-03-19,confirmé
683,683,2,2024,2024-02-23,confirmé
684,684,4,2022,2022-02-02,confirmé
685,685,3,2022,2023-11-09,confirmé
686,686,7,2020,2021-08-28,confirmé
687,687,7,2020,2020-09-08,confirmé
688,688,5,2023,2021-12-22,confirmé
689,689,3,2022,2024-06-07,confirmé
690,690,1,2023,2022-01-08,confirmé
691,691,1,2024,2022-12-12,confirmé
692,692,3,2022,2024-08-21,confirmé
693,693,6,2023,2023-07-30,confirmé
694,694,4,2022,2022-04-16,confirmé
695,695,5,2020,2021-03-06,confirmé
696,696,7,2021,2022-09-24,confirmé
697,697,6,2023,2020-12-02,confirmé
698,698,3,2020,2020-11-25,confirmé
699,699,3,2022,2023-08-04,confirmé
700,700,6,2023,2021-01-15,confirmé
701,701,8,2023,2021-10-26,confirmé
702,702,2,2023,2020-11-13,confirmé
703,703,5,2023,2023-11-24,confirmé
704,704,7,2023,2024-03-02,confirmé
705,705,7,2020,2021-02-18,confirmé
706,706,2,2023,2021-02-17,confirmé
707,707,2,2021,2023-01-20,confirmé
708,708,7,2023,2021-07-19,confirmé
709,709,7,2021,2021-11-30,confirmé
710,710,1,2021,2023-04-02,confirmé
711,711,7,2020,2022-10-30,confirmé
712,712,7,2022,2022-05-06,confirmé
713,713,6,2021,2023-11-23,confirmé
714,714,2,2024,2023-02-06,confirmé
715,715,4,2021,2021-08-15,confirmé
716,716,5,2021,2024-09-14,confirmé
717,717,3,2022,2023-12-11,confirmé
718,718,3,2021,2020-09-10,confirmé
719,719,5,2023,2022-09-10,confirmé
720,720,8,2024,2024-03-12,confirmé
721,721,7,2021,2024-09-01,confirmé
722,722,6,2023,2024-02-23,confirmé
723,723,1,2021,2022-06-29,confirmé
724,724,5,2022,2022-02-28,confirmé
725,725,8,2023,2021-01-07,annulé
726,726,4,2022,2022-04-24,confirmé
727,727,7,2022,2022-04-28,confirmé
728,728,8,2020,2021-07-24,confirmé
729,729,3,2024,2023-05-08,confirmé
730,730,8,2023,2021-10-09,confirmé
731,731,1,2020,2022-05-22,annulé
732,732,4,2024,2024-06-14,confirmé
733,733,3,2023,2022-08-19,confirmé
734,734,7,2022,2023-07-08,confirmé
735,735,2,2023,2021-06-01,annulé
736,736,4,2024,2022-07-17,confirmé
737,737,1,2024,2020-12-25,confirmé
738,738,4,2024,2023-01-09,confirmé
739,739,1,2021,2022-07-25,confirmé
740,740,3,2024,2023-09-20,confirmé
741,741,2,2024,2023-09-11,confirmé
742,742,8,2024,2021-07-21,confirmé
743,743,2,2023,2023-04-19,confirmé
744,744,5,2022,2020-12-23,confirmé
745,745,6,2021,2023-08-18,confirmé
746,746,1,2023,2021-02-01,confirmé
747,747,4,2020,2024-07-29,confirmé
748,748,5,2020,2024-03-13,confirmé
749,749,7,2024,2021-07-12,confirmé
750,750,8,2021,2023-08-01,confirmé
751,751,7,2020,2020-12-14,confirmé
752,752,8,2024,2023-12-31,confirmé
753,753,1,2023,2024-07-26,confirmé
754,754,7,2024,2024-03-25,confirmé
755,755,5,2024,2021-08-20,confirmé
756,756,7,2021,2023-06-13,confirmé
757,757,2,2023,2022-09-03,confirmé
758,758,2,2022,2022-08-10,confirmé
759,759,1,2024,2024-03-03,confirmé
760,760,7,2024,2022-06-13,confirmé
761,761,4,2024,2022-12-03,confirmé
762,762,6,2022,2023-04-05,confirmé
763,763,2,2022,2022-06-23,confirmé
764,764,7,2021,2020-12-08,confirmé
765,765,7,2024,2022-04-11,confirmé
766,766,7,2024,2021-06-09,confirmé
767,767,1,2022,2021-10-08,annulé
768,768,2,2024,2023-10-08,confirmé
769,769,6,2023,2022-08-01,confirmé
770,770,4,2024,2021-03-18,confirmé
771,771,3,2021,2024-04-19,confirmé
772,772,7,2024,2021-07-24,annulé
773,773,3,2021,2021-02-01,confirmé
774,774,3,2021,2022-03-06,confirmé
775,775,3,2022,2021-10-10,confirmé
776,776,1,2020,2021-12-06,confirmé
777,777,3,2023,2021-01-10,confirmé
778,778,2,2021,2022-10-31,confirmé
779,779,8,2024,2023-01-22,confirmé
780,780,2,2020,2020-11-23,confirmé
781,781,7,2024,2024-07-24,confirmé
782,782,4,2023,2022-09-24,confirmé
783,783,7,2020,2022-05-21,annulé
784,784,3,2020,2023-10-08,confirmé
785,785,5,2021,2021-04-09,confirmé
786,786,6,2021,2022-03-07,confirmé
787,787,8,2021,2024-06-23,confirmé
788,788,8,2022,2023-11-15,confirmé
789,789,3,2024,2020-12-21,confirmé
790,790,8,2024,2022-05-08,annulé
791,791,5,2022,2023-03-13,confirmé
792,792,6,2022,2021-12-19,confirmé
793,793,6,2022,2022-12-15,confirmé
794,794,8,2022,2021-05-29,confirmé
795,795,7,2024,2021-10-26,confirmé
796,796,8,2024,2022-08-08,annulé
797,797,8,2024,2024-06-22,confirmé
798,798,6,2021,2024-03-27,confirmé
799,799,5,2020,2024-03-30,confirmé
800,800,2,2021,2020-10-10,confirmé
801,801,4,2023,2021-03-08,confirmé
802,802,6,2024,2023-12-02,annulé
803,803,8,2020,2023-05-22,confirmé
804,804,8,2023,2022-02-18,confirmé
805,805,1,2024,2023-06-25,confirmé
806,806,7,2020,2021-06-17,annulé
807,807,2,2024,2021-11-07,confirmé
808,808,3,2020,2021-12-15,confirmé
809,809,5,2024,2023-12-19,confirmé
810,810,4,2021,2024-02-24,confirmé
811,811,6,2021,2022-05-21,confirmé
812,812,5,2020,2021-06-06,confirmé
813,813,2,2021,2023-01-25,confirmé
814,814,3,2024,2022-04-04,confirmé
815,815,6,2021,2023-01-11,confirmé
816,816,2,2021,2021-05-12,confirmé
817,817,4,2021,2021-02-28,confirmé
818,818,7,2023,2022-07-13,annulé
819,819,1,2023,2022-12-04,confirmé
820,820,1,2022,2022-08-01,confirmé
821,821,6,2024,2022-03-20,confirmé
822,822,6,2022,2024-05-12,confirmé
823,823,5,2023,2024-06-12,annulé
824,824,8,2020,2022-07-12,confirmé
825,825,8,2022,2021-09-26,confirmé
826,826,1,2022,2023-09-14,confirmé
827,827,2,2020,2024-05-03,confirmé
828,828,3,2021,2021-03-31,annulé
829,829,3,2024,2021-09-19,confirmé
830,830,2,2022,2021-08-08,annulé
831,831,2,2020,2022-12-23,confirmé
832,832,7,2022,2023-07-29,annulé
833,833,2,2020,2021-10-25,confirmé
834,834,1,2021,2022-09-21,confirmé
835,835,4,2023,2023-12-07,confirmé
836,836,8,2023,2024-05-29,confirmé
837,837,4,2020,2021-07-03,confirmé
838,838,1,2023,2022-08-03,confirmé
839,839,3,2021,2023-01-17,confirmé
840,840,6,2022,2022-02-19,confirmé
841,841,4,2024,2023-10-11,confirmé
842,842,4,2023,2024-08-05,confirmé
843,843,5,2023,2021-03-25,confirmé
844,844,2,2020,2023-12-23,confirmé
845,845,4,2024,2024-07-07,confirmé
846,846,6,2024,2022-01-09,confirmé
847,847,8,2020,2024-07-04,confirmé
848,848,1,2022,2023-08-07,confirmé
849,849,5,2020,2022-01-17,confirmé
850,850,1,2022,2023-07-13,annulé
